--alter table if exists air_plane drop constraint if exists FKor6b30umeovr2tltbp3mo17c7;
--alter table if exists air_plane_flight_route drop constraint if exists FKld4p9f6snqbc689rst99eboxy;
--alter table if exists air_plane_flight_route drop constraint if exists FK8usry5yfs6b6symx9ou1c0lhx;
--alter table if exists bank_card drop constraint if exists FKg03auw65t3fm5x8s9orbncj1x;
--alter table if exists passenger_profile drop constraint if exists FK5pogumd4gnx81yhtjfc5xhw78;
--alter table if exists seat drop constraint if exists FKbedpgiibtqurewoxbermx41i5;
--alter table if exists user_order drop constraint if exists FKmnkfw5ay2hght5xqp51a7oe94;
--alter table if exists user_order drop constraint if exists FKahaarjxatrv2hlawivwilgkad;
--alter table if exists user_order drop constraint if exists FKt2kyveq81viy16pe1o8xp8edd;
--drop table if exists air_company cascade;
--drop table if exists air_plane cascade;
--drop table if exists air_plane_flight_route cascade;
--drop table if exists bank_card cascade;
--drop table if exists flight_route cascade;
--drop table if exists passenger_profile cascade;
--drop table if exists seat cascade;
--drop table if exists status cascade;
--drop table if exists user_order cascade;
--drop table if exists user_profile cascade;

--create table air_company (id int8 generated by default as identity, country_location varchar(255), name_company varchar(255), primary key (id));
--create table air_plane (id int8 generated by default as identity, is_active boolean, number_seat_buisness int4, number_seat_lowcost int4, status varchar(255), type varchar(255), air_company_id int8, primary key (id));
--create table air_plane_flight_route (id int8 generated by default as identity, air_plane_id int8, flight_route_id int8, primary key (id));
--create table bank_card (id int8 generated by default as identity, card_number int8, user_profile_id int8, primary key (id));
--create table flight_route (id int8 generated by default as identity, distance int4, flight_date_end timestamp, flight_date_start timestamp, is_active boolean, price int4, route_end varchar(255), route_start varchar(255), primary key (id));
--create table passenger_profile (id int8 generated by default as identity, lastname varchar(255), name varchar(255), passport_number varchar(255), user_profile_id int8, primary key (id));
--create table seat (id int8 generated by default as identity, is_ordered boolean, place varchar(255), type varchar(255), air_plane_id int8, primary key (id));
--create table status (id int8 generated by default as identity, status varchar(255), primary key (id));
--create table user_order (id int8 generated by default as identity, flight_route_id int8, status_id int8, passenger_profile_id int8, primary key (id));
--create table user_profile (id int8 generated by default as identity, email varchar(255), is_blocket_profile boolean, lastname varchar(255), name varchar(255), phone int4, user_id int8, primary key (id));
--alter table if exists air_plane add constraint FKor6b30umeovr2tltbp3mo17c7 foreign key (air_company_id) references air_company;
--alter table if exists air_plane_flight_route add constraint FKld4p9f6snqbc689rst99eboxy foreign key (air_plane_id) references air_plane;
--alter table if exists air_plane_flight_route add constraint FK8usry5yfs6b6symx9ou1c0lhx foreign key (flight_route_id) references flight_route;
--alter table if exists bank_card add constraint FKg03auw65t3fm5x8s9orbncj1x foreign key (user_profile_id) references user_profile;
--alter table if exists passenger_profile add constraint FK5pogumd4gnx81yhtjfc5xhw78 foreign key (user_profile_id) references user_profile;
--alter table if exists seat add constraint FKbedpgiibtqurewoxbermx41i5 foreign key (air_plane_id) references air_plane;
--alter table if exists user_order add constraint FKmnkfw5ay2hght5xqp51a7oe94 foreign key (flight_route_id) references flight_route;
--alter table if exists user_order add constraint FKahaarjxatrv2hlawivwilgkad foreign key (status_id) references status;
--alter table if exists user_order add constraint FKt2kyveq81viy16pe1o8xp8edd foreign key (passenger_profile_id) references passenger_profile;
insert into user_profile (id, email, is_blocket_profile, lastname, name, phone, user_id)
values
(1, 'abrakadabra@gmail.com', false, 'Yazvinski', 'Maksim', 998877, 1),
(2, 'admin@gmail.com', false, 'Admin', 'Admin', 999999, 2);
commit;
insert into bank_card (id, card_number, user_profile_id)
values
(1, 1111222233334444, 1),
(2, 4444333322221111, 1),
(3, 1111222211112222, 2),
(4, 3333444433334444, 2);
commit;
insert into passenger_profile (id, lastname, name, passport_number, user_profile_id)
values
(1, 'Yazvinski', 'Maksim', 'KK1100110', 1),
(2, 'Admin', 'Admin', 'KK1111111', 2);
commit;
insert into status (id, status)
values
(1, 'PAID_FOR'),
(2, 'ORDERED'),
(3, 'CANCELLED');
commit;
insert into air_company (id, country_location, name_company)
values
(1, 'Minsk', 'Belavia'),
(2, 'Moskva', 'Aeroflot'),
(3, 'London', 'Boing');
commit;
insert into air_plane (id, is_active, number_seat_buisness, number_seat_lowcost, status, type, air_company_id)
values
(1, true, 1, 5, 'Ready to fly', 'Boing747', 1),
(2, true, 1, 5, 'Ready to fly', 'Boing747', 2),
(3, true, 1, 5, 'Ready to fly', 'Boing747', 2),
(4, true, 1, 5, 'Ready to fly', 'Boing747', 2),
(5, true, 1, 6, 'Ready to fly', 'Sukhoi Superjet 100', 2),
(6, true, 1, 6, 'Ready to fly', 'Sukhoi Superjet 100', 2),
(7, true, 1, 6, 'Ready to fly', 'Sukhoi Superjet 100', 2),
(8, true, 1, 7, 'Ready to fly', 'Airbus A320', 3),
(9, true, 1, 7, 'Ready to fly', 'Airbus A320', 3),
(10, true, 1, 7, 'Ready to fly', 'Airbus A320', 3),
(11, true, 1, 7, 'Ready to fly', 'Airbus A320', 3),
(12, true, 1, 7, 'Ready to fly', 'Airbus A320', 3),
(13, true, 1, 7, 'Ready to fly', 'Airbus A320', 3);
commit;
insert into seat (id, is_ordered, place, type, air_plane_id)
values
(1, true, '1A','Lowcost', 1),
(2, true, '1A','Lowcost', 2),
(3, true, '1B','Lowcost', 2),
(4, false, '1C','Lowcost', 2),
(5, false, '1D','Lowcost', 2),
(6, false, '1E','Lowcost', 2),
(7, false, '1A','Lowcost', 2);
commit;
insert into flight_route (id, distance, flight_date_end, flight_date_start, is_active, price, route_end, route_start)
values
(1, 1000, '2022-07-03 13:00:00','2022-07-03 12:00:00', true, 200, 'Moskva', 'Minsk'),
(2, 1000, '2022-07-03 17:00:00','2022-07-03 16:00:00', true, 200, 'Minsk', 'Moskva'),
(3, 2000, '2022-07-03 23:00:00','2022-07-03 20:00:00', true, 600, 'London', 'Minsk'),
(4, 2000, '2022-07-04 15:00:00','2022-07-04 12:00:00', true, 600, 'Minsk', 'London'),
(5, 2000, '2022-07-04 19:00:00','2022-07-04 16:00:00', true, 200, 'Paris', 'Minsk'),
(6, 2000, '2022-07-04 23:00:00','2022-07-04 20:00:00', true, 500, 'Minsk', 'Paris'),
(7, 2000, '2022-07-05 15:00:00','2022-07-05 12:00:00', true, 500, 'Paris', 'Minsk'),
(8, 3000, '2022-07-05 21:00:00','2022-07-05 16:00:00', true, 700, 'Moskva', 'Paris'),
(9, 3000, '2022-07-06 01:00:00','2022-07-05 20:00:00', true, 800, 'London', 'Moskva'),
(10, 3000, '2022-07-05 17:00:00','2022-07-05 12:00:00', true, 800, 'Moskva', 'London'),
(11, 3000, '2022-07-05 21:00:00','2022-07-05 16:00:00', true, 700, 'Paris', 'Moskva'),
(12, 1000, '2022-07-05 22:00:00','2022-07-05 20:00:00', true, 300, 'London', 'Paris');
commit;
insert into air_plane_flight_route (id, air_plane_id, flight_route_id)
values
(1, 1, 1),
(2, 2, 2),
(3, 3, 2),
(4, 4, 3),
(5, 5, 3),
(6, 6, 3),
(7, 4, 4),
(8, 5, 4),
(9, 6, 4),
(10, 7, 5),
(11, 8, 5),
(12, 9, 5),
(13, 7, 6),
(14, 8, 6),
(15, 9, 6),
(16, 10, 7),
(17, 11, 7),
(18, 12, 7),
(19, 10, 8),
(20, 11, 8),
(21, 12, 8),
(22, 3, 9),
(23, 5, 9),
(24, 2, 10),
(25, 4, 10),
(26, 6, 10),
(27, 7, 11),
(28, 9, 11),
(29, 11, 11),
(30, 8, 12),
(31, 10, 12),
(32, 12, 12);
commit;
insert into user_order (id, flight_route_id, status_id, passenger_profile_id)
values
(1, 1, 1, 1),
(2, 2, 1, 2);
commit;






